id,text
3c74471c387317044aa6,uzun süredir almak istiyordum olumlu yorumlarınız beni bu ürünü alma kararımı arttırmış oldu sponsorumuz olan dayımızla görüşerek acilen almak istiyoruz hepinize teşekürler:)
8084a8d0ef370a85bbe8,almadan önce kutudan çıkan herşey garantili diyorlar bozulursa gelip evden alıp eve teslim ederiz diyorlar...
3331d9581a0fcc5a4e26,"tasarımına ve kullanılan malzemeye sözüm yok ancak işlevselliği tam bir hayal kırıklığı. bazı ürünler şarjlı pillerle daha verimli çalışıyor, henüz denemedim ama umarım bu ürün de öyledir. öyle değilse boşuna aldım diyebilirim."
7bab57976395fbb36ce4,tek kelime ile mükemmel bir bebek bezi
eff1a6399c3b64a8c9ae,"teslimat vaat edilen zamandan bir hafta sonra gerçekleşti, vaat edilen zamanda gelmesini beklemeyin. ürün olarak hiçbir sorun yok, ürün çok iyi. ama teslimat ????"
8967f587ba273bb6b6f7,"fayanslar düz ve temiz olmasına rağmen 2-3 ayda bir vakumlar bırakıyor, küt diye düşüyor. sağlam birşey istiyorsanız bu size göre değil."
1cbe66fb39cf327ee8fe,öncelikle lambanın tok bi malzemesi var.
e0c266e423fdabcb4d5e,öncelikle; bu ürünün şişsiz ve ısı ayarı olmayanı arkadaşımda var ve uzun süre kullandım.
24a021d4c5f44655b14a,tek kusuru sadece 4 fıncan yapablıyor kalabalık mısafırde sıkıntı olabılır
2aefe40372dc9e12fb81,elime geçince olumlu yorumları abartılı buldum ya da ömründe törpü yapmamışlar tırnaklarına. bu ne ya oyuncak gibi
6aadc2e804f0c22e3ff6,ürün geçen hafta elimize ulaştı kurulumu çok kolay fakat çok ağır ve çok yer kaplıyor ayakta durmuyor pusette çok küçük ağırlıkta bebekleri taşıyor daha fazla ağırlıktaki bebekleri taşıyanlar mevcut.kolay açılıp kapanmıyor iki elinizi birden kullanmanız gerekiyor.biz ürünü iade ettik.i̇ade de bir sorun çıkartmadıkları için hepsiburadaya teşekkürler..
1c132766875022241987,ürün fiyatına göre bulunmaz nimet.
ffc55defff5f06de79b0,kitabı suan bitirmiş bulunuyorum ve hemen yorum yazmak istedim çünkü kitap çok yalın ve konusu çok çok basit bir kitap 15-16 yaş aralığına hitap edbilir ama bana cidden çok boş geldi ...bir kitaptan cok sey bekliyorsanız bu kitabı almayın derim...
6ee1c7432b60e3a15c14,ürünü spor yaparken kullanıyorum gerçekten çok fazla terletiyor beli üşütmemek içinde kullanılabilir sıcak tutuyor bu fiyata gayet başarılı bir ürün bence.
9953a4c97fd8eebe530f,fiyatina göre kalitesi güzel (160tl ye aldim). resimde göründüğü gibi kesinlikle kumaş değil. kutu da  kargoya verilmiş (2 gunde geldi). tavsiye ederim...
bfd5246bfbcde6654cfc,"ürünü çok merak ederek aldım fakat kedim 4 aylık bir yavru olduğundan mı,çok hareketli olduğundan mı yoksa ürün gerçekten mi kötü bilinmez hiç memnun kalmadım kedim poşeti paramparça ediyor.kumu eşeleyeceğim derken arada poşet de kaynıyor:) kesinlikle tavsiye etmiyorum..belki büyük ve sakin kediler için uygun bir ürün olabilir"
8270b6e36d51d7c9eeb9,ürün dün elimize ulaştı esimde bende çok beğendik güzel ürün hepsiburada.coma teşekkürler.
bb63d240e43bdbe2a753,-kavisli ekrana alışmak biraz zaman alıyor. (başlarda klavyede sıkıntı yaşayabilirsiniz.)
dd31dcb355f964ddd20f,tertemiz yıkıyor hiç gidip tonla para vermeye gerek yok.
2ad7ab0cb0ed627378a5,aman aman degil ama insallah kız arkadaşım beğenir.
7351adb7f3e3c8090a4b,ürünü aldıgımda yavru kedime büyük geldigi icin bandanasını kesmek zorunda kaldım ve kedim o bandanadan huylanıyordu su icerken fln hep ıslanıyor
f851aa4cee17d2c44f28,cetvel çok kalın kolay kolay eğilmiyor ayrıca ahşap ve plastikler iyi olmuyor ya kırılıyor ya yamuluyor onun için en iyi cetvel bu bence teşekkürler hb
5eb3490a9d653d04f4cd,ben daha pahalıya aldım 3 ay önce şu anda bedava
890c895ee948cd58483f,ürünün kokusu güzel lakin kalıcılığı çok değil ilk sıkıldığı an çok güzel lakin yarımsat sonra kalıcılığı kalmıyor tabiki kalıcılık  tenden  tene fark ettiğini unutmayınız derim lakin fiat olarak mükemmelll tam bir yaz kokusuuuu
